EventType,count,avg_rating
Photography Contest,10,3.3
Robotics Seminar,13,3.1538461538461537
Tech Fest,9,2.888888888888889
Hackathon,18,2.7777777777777777
Cultural Fest,18,2.611111111111111
Workshop AI,12,2.5833333333333335
